ID,Spacer_length,Range,Left_Motif_Score,Right_Motif_Score,Average_GibbsFE,GibbsFE_Log-Likelihood,Final_Score,Promoter_Sequence
NC_000913.3:4158090-4158590,18,330-360,4.613653182983398,5.467650413513184,5.439999999999999,1.7506486046531378,11.83195220114972,TTGATAgggataatcgttcattgcTATTCT
NC_000913.3:4158090-4158590,18,314-344,4.113677024841309,5.215785026550293,5.678800000000003,0.2823868735836437,9.611848924975245,TTATCAgtcagaatgcttgataggGATAAT
NC_000913.3:4158090-4158590,15,375-402,1.0086711645126343,5.215785026550293,5.647400000000001,1.7506486046531378,7.9751047957160655,CTATCGtggcgatggaggatgGATAAT
NC_000913.3:4158090-4158590,17,226-255,4.017802715301514,3.3071389198303223,5.816900000000004,0.2823868735836437,7.607328508715479,TTGGCTttagttattcgagttgaGAAACT
NC_000913.3:4158090-4158590,15,301-328,1.1171135902404785,4.483636856079102,5.547800000000003,1.7506486046531378,7.351399050972718,TTTCTGtgagcaattatcagtCAGAAT
NC_000913.3:4158090-4158590,18,125-155,0.5995585322380066,5.665550231933594,5.7238,0.2823868735836437,6.547495637755244,TTAGGGtaagaacatttatatgtaTAAATT
NC_000913.3:4158090-4158590,15,355-382,0.36773747205734253,3.7956740856170654,5.418600000000001,2.2311435971742513,6.394555154848659,ATTCTAcctatcgccatgaacTATCGT
NC_000913.3:4158090-4158590,16,125-153,0.5995585322380066,3.6049904823303223,5.710399999999998,0.2823868735836437,4.486935888151972,TTAGGGtaagaacatttatatgTATAAA
NC_000913.3:4158090-4158590,16,380-408,0.37451767921447754,2.8075263500213623,5.702999999999999,0.2823868735836437,3.4644309028194837,GTGGCGatggaggatggataatGAATAT
NC_000913.3:4158090-4158590,18,378-408,0.29384589195251465,2.8075263500213623,5.702999999999999,0.2823868735836437,3.383759115557521,TCGTGGcgatggaggatggataatGAATAT
NC_000913.3:4158090-4158590,18,110-140,1.6340464353561401,2.4184839725494385,5.944599999999999,-1.6910686226131904,2.3614617852923883,TTTGCGcaggctcggttagggtaaGAACAT
NC_000913.3:4158090-4158590,17,111-140,1.5956674814224243,2.4184839725494385,5.944599999999999,-1.6910686226131904,2.3230828313586724,TTGCGCaggctcggttagggtaaGAACAT
NC_000913.3:4158090-4158590,15,427-454,1.1516960859298706,1.9564473628997803,6.154300000000001,-3.0447982924389305,0.06334515639072036,GTGGCAttggctgaacaccgcCATTTT
NC_000913.3:4158090-4158590,17,5-34,0.7530422210693359,2.0486977100372314,6.303846153846153,-3.0447982924389305,-0.24305836133236314,GTGATTgacgaagatgtctatccGATTCT
NC_000913.3:4158090-4158590,18,424-454,0.2992324233055115,1.9564473628997803,6.154300000000001,-3.0447982924389305,-0.7891185062336388,CTGGTGgcattggctgaacaccgcCATTTT
